comp533.a1.controller.TokenCountingController,ControllerClass
comp533.a1.model.mapper.IntSummingMapper,IntSummingMapperClass
comp533.a1.model.mapper.IMapper,IntSummingMapperClass
comp533.a1.model.KeyValue,KeyValueClass
comp533.a1.model.mapper.MapperFactory,MapperFactory
comp533.a1.model.TokenCountingModel,ModelClass
comp533.a1.model.reducer.TokenCountingReducer,ReducerClass
comp533.a1.model.reducer.IReducer,ReducerClass
comp533.a1.model.reducer.ReducerFactory,ReducerFactory
comp533.a1.IntSumming,StandAloneIntegerSummer
comp533.a1.TokenCounter,StandAloneTokenCounter
comp533.a1.model.mapper.TokenCountingMapper,TokenCountingMapperClass
comp533.a1.model.mapper.IMapper,TokenCountingMapperClass
comp533.a1.view.View,ViewClass
