#,Time,%Passes,Change,Test,Pass,Partial,Fail,Untested
0,Fri Mar 19 18:30:10 CST 2021,0,0,PartitionerClassFactoryAndObject, , ,A2ConfigurationProvided+ PartitionerClass+ PartitionerFactory+ PartitionerObject+ ,A2AccessModifiersMatched A2ExpectedCalls A2ExpectedGetters A2ExpectedSetters A2ExpectedSignatures A2InterfaceAsType A2MnemonicNames A2NamedConstants A2NoCheckstyleWarnings A2PublicMethodsOverride Barrier BarrierClass EarlyJoin JoinerClass LateJoin MultiThreadSumBoundedBuffer MultiThreadSumBulkPartialReduce MultiThreadSumMultiplePartialReduce MultiThreadSumMultipleRoundSynchronization MultiThreadSumResult MultiThreadSumThreads MultiThreadTokenCountResult StandAloneTokenCountPartition1Reduce StandAloneTokenCountPartition2Reduce StandAloneTokenCountPartition3Reduce SumBarrier SumJoiner TokenCountBarrier TokenCountBoundedBuffer TokenCountBulkPartialReduce TokenCountJoiner TokenCountMultiplePartialReduce TokenCountMultipleRoundSynchronization TokenCountThreads ,
1,Fri Mar 19 18:37:53 CST 2021,0,0,A2ConfigurationProvided, , ,A2ConfigurationProvided PartitionerClass PartitionerFactory PartitionerObject ,A2AccessModifiersMatched A2ExpectedCalls A2ExpectedGetters A2ExpectedSetters A2ExpectedSignatures A2InterfaceAsType A2MnemonicNames A2NamedConstants A2NoCheckstyleWarnings A2PublicMethodsOverride Barrier BarrierClass EarlyJoin JoinerClass LateJoin MultiThreadSumBoundedBuffer MultiThreadSumBulkPartialReduce MultiThreadSumMultiplePartialReduce MultiThreadSumMultipleRoundSynchronization MultiThreadSumResult MultiThreadSumThreads MultiThreadTokenCountResult StandAloneTokenCountPartition1Reduce StandAloneTokenCountPartition2Reduce StandAloneTokenCountPartition3Reduce SumBarrier SumJoiner TokenCountBarrier TokenCountBoundedBuffer TokenCountBulkPartialReduce TokenCountJoiner TokenCountMultiplePartialReduce TokenCountMultipleRoundSynchronization TokenCountThreads ,
2,Fri Mar 19 18:38:11 CST 2021,5,5,PartitionerClassFactoryAndObject,PartitionerClass+ PartitionerFactory+ ,PartitionerObject+ ,A2ConfigurationProvided ,A2AccessModifiersMatched A2ExpectedCalls A2ExpectedGetters A2ExpectedSetters A2ExpectedSignatures A2InterfaceAsType A2MnemonicNames A2NamedConstants A2NoCheckstyleWarnings A2PublicMethodsOverride Barrier BarrierClass EarlyJoin JoinerClass LateJoin MultiThreadSumBoundedBuffer MultiThreadSumBulkPartialReduce MultiThreadSumMultiplePartialReduce MultiThreadSumMultipleRoundSynchronization MultiThreadSumResult MultiThreadSumThreads MultiThreadTokenCountResult StandAloneTokenCountPartition1Reduce StandAloneTokenCountPartition2Reduce StandAloneTokenCountPartition3Reduce SumBarrier SumJoiner TokenCountBarrier TokenCountBoundedBuffer TokenCountBulkPartialReduce TokenCountJoiner TokenCountMultiplePartialReduce TokenCountMultipleRoundSynchronization TokenCountThreads ,
3,Fri Mar 19 18:41:01 CST 2021,5,0,PartitionerClassFactoryAndObject,PartitionerClass PartitionerFactory ,PartitionerObject ,A2ConfigurationProvided ,A2AccessModifiersMatched A2ExpectedCalls A2ExpectedGetters A2ExpectedSetters A2ExpectedSignatures A2InterfaceAsType A2MnemonicNames A2NamedConstants A2NoCheckstyleWarnings A2PublicMethodsOverride Barrier BarrierClass EarlyJoin JoinerClass LateJoin MultiThreadSumBoundedBuffer MultiThreadSumBulkPartialReduce MultiThreadSumMultiplePartialReduce MultiThreadSumMultipleRoundSynchronization MultiThreadSumResult MultiThreadSumThreads MultiThreadTokenCountResult StandAloneTokenCountPartition1Reduce StandAloneTokenCountPartition2Reduce StandAloneTokenCountPartition3Reduce SumBarrier SumJoiner TokenCountBarrier TokenCountBoundedBuffer TokenCountBulkPartialReduce TokenCountJoiner TokenCountMultiplePartialReduce TokenCountMultipleRoundSynchronization TokenCountThreads ,
4,Fri Mar 19 18:44:24 CST 2021,5,0,PartitionerClassFactoryAndObject,PartitionerClass PartitionerFactory ,PartitionerObject ,A2ConfigurationProvided ,A2AccessModifiersMatched A2ExpectedCalls A2ExpectedGetters A2ExpectedSetters A2ExpectedSignatures A2InterfaceAsType A2MnemonicNames A2NamedConstants A2NoCheckstyleWarnings A2PublicMethodsOverride Barrier BarrierClass EarlyJoin JoinerClass LateJoin MultiThreadSumBoundedBuffer MultiThreadSumBulkPartialReduce MultiThreadSumMultiplePartialReduce MultiThreadSumMultipleRoundSynchronization MultiThreadSumResult MultiThreadSumThreads MultiThreadTokenCountResult StandAloneTokenCountPartition1Reduce StandAloneTokenCountPartition2Reduce StandAloneTokenCountPartition3Reduce SumBarrier SumJoiner TokenCountBarrier TokenCountBoundedBuffer TokenCountBulkPartialReduce TokenCountJoiner TokenCountMultiplePartialReduce TokenCountMultipleRoundSynchronization TokenCountThreads ,
5,Fri Mar 19 18:44:57 CST 2021,7,2,PartitionerClassFactoryAndObject,PartitionerClass PartitionerFactory PartitionerObject+ , ,A2ConfigurationProvided ,A2AccessModifiersMatched A2ExpectedCalls A2ExpectedGetters A2ExpectedSetters A2ExpectedSignatures A2InterfaceAsType A2MnemonicNames A2NamedConstants A2NoCheckstyleWarnings A2PublicMethodsOverride Barrier BarrierClass EarlyJoin JoinerClass LateJoin MultiThreadSumBoundedBuffer MultiThreadSumBulkPartialReduce MultiThreadSumMultiplePartialReduce MultiThreadSumMultipleRoundSynchronization MultiThreadSumResult MultiThreadSumThreads MultiThreadTokenCountResult StandAloneTokenCountPartition1Reduce StandAloneTokenCountPartition2Reduce StandAloneTokenCountPartition3Reduce SumBarrier SumJoiner TokenCountBarrier TokenCountBoundedBuffer TokenCountBulkPartialReduce TokenCountJoiner TokenCountMultiplePartialReduce TokenCountMultipleRoundSynchronization TokenCountThreads ,
6,Fri Mar 19 18:59:59 CST 2021,7,0,PartitionerClassFactoryAndObject,PartitionerClass PartitionerFactory PartitionerObject , ,A2ConfigurationProvided ,A2AccessModifiersMatched A2ExpectedCalls A2ExpectedGetters A2ExpectedSetters A2ExpectedSignatures A2InterfaceAsType A2MnemonicNames A2NamedConstants A2NoCheckstyleWarnings A2PublicMethodsOverride Barrier BarrierClass EarlyJoin JoinerClass LateJoin MultiThreadSumBoundedBuffer MultiThreadSumBulkPartialReduce MultiThreadSumMultiplePartialReduce MultiThreadSumMultipleRoundSynchronization MultiThreadSumResult MultiThreadSumThreads MultiThreadTokenCountResult StandAloneTokenCountPartition1Reduce StandAloneTokenCountPartition2Reduce StandAloneTokenCountPartition3Reduce SumBarrier SumJoiner TokenCountBarrier TokenCountBoundedBuffer TokenCountBulkPartialReduce TokenCountJoiner TokenCountMultiplePartialReduce TokenCountMultipleRoundSynchronization TokenCountThreads ,
7,Fri Mar 19 19:00:15 CST 2021,13,6,BarrierJoinSynchronizationClassAndObject,Barrier+ BarrierClass+ PartitionerClass PartitionerFactory PartitionerObject , ,A2ConfigurationProvided EarlyJoin+ JoinerClass+ LateJoin+ ,A2AccessModifiersMatched A2ExpectedCalls A2ExpectedGetters A2ExpectedSetters A2ExpectedSignatures A2InterfaceAsType A2MnemonicNames A2NamedConstants A2NoCheckstyleWarnings A2PublicMethodsOverride MultiThreadSumBoundedBuffer MultiThreadSumBulkPartialReduce MultiThreadSumMultiplePartialReduce MultiThreadSumMultipleRoundSynchronization MultiThreadSumResult MultiThreadSumThreads MultiThreadTokenCountResult StandAloneTokenCountPartition1Reduce StandAloneTokenCountPartition2Reduce StandAloneTokenCountPartition3Reduce SumBarrier SumJoiner TokenCountBarrier TokenCountBoundedBuffer TokenCountBulkPartialReduce TokenCountJoiner TokenCountMultiplePartialReduce TokenCountMultipleRoundSynchronization TokenCountThreads ,
8,Fri Mar 19 19:00:23 CST 2021,15,2,BarrierJoinSynchronizationCountsAndSum,Barrier BarrierClass MultiThreadTokenCountResult+ PartitionerClass PartitionerFactory PartitionerObject , ,A2ConfigurationProvided EarlyJoin JoinerClass LateJoin MultiThreadSumResult+ SumBarrier+ SumJoiner+ TokenCountBarrier+ TokenCountJoiner+ ,A2AccessModifiersMatched A2ExpectedCalls A2ExpectedGetters A2ExpectedSetters A2ExpectedSignatures A2InterfaceAsType A2MnemonicNames A2NamedConstants A2NoCheckstyleWarnings A2PublicMethodsOverride MultiThreadSumBoundedBuffer MultiThreadSumBulkPartialReduce MultiThreadSumMultiplePartialReduce MultiThreadSumMultipleRoundSynchronization MultiThreadSumThreads StandAloneTokenCountPartition1Reduce StandAloneTokenCountPartition2Reduce StandAloneTokenCountPartition3Reduce TokenCountBoundedBuffer TokenCountBulkPartialReduce TokenCountMultiplePartialReduce TokenCountMultipleRoundSynchronization TokenCountThreads ,
9,Fri Mar 19 22:19:16 CST 2021,23,8,BarrierJoinSynchronizationClassAndObject,A2ConfigurationProvided+ Barrier BarrierClass JoinerClass+ LateJoin+ MultiThreadTokenCountResult PartitionerClass PartitionerFactory PartitionerObject , ,EarlyJoin MultiThreadSumResult SumBarrier SumJoiner TokenCountBarrier TokenCountJoiner ,A2AccessModifiersMatched A2ExpectedCalls A2ExpectedGetters A2ExpectedSetters A2ExpectedSignatures A2InterfaceAsType A2MnemonicNames A2NamedConstants A2NoCheckstyleWarnings A2PublicMethodsOverride MultiThreadSumBoundedBuffer MultiThreadSumBulkPartialReduce MultiThreadSumMultiplePartialReduce MultiThreadSumMultipleRoundSynchronization MultiThreadSumThreads StandAloneTokenCountPartition1Reduce StandAloneTokenCountPartition2Reduce StandAloneTokenCountPartition3Reduce TokenCountBoundedBuffer TokenCountBulkPartialReduce TokenCountMultiplePartialReduce TokenCountMultipleRoundSynchronization TokenCountThreads ,
10,Fri Mar 19 22:19:18 CST 2021,23,0,PartitionerClassFactoryAndObject,A2ConfigurationProvided Barrier BarrierClass JoinerClass LateJoin MultiThreadTokenCountResult PartitionerClass PartitionerFactory PartitionerObject , ,EarlyJoin MultiThreadSumResult SumBarrier SumJoiner TokenCountBarrier TokenCountJoiner ,A2AccessModifiersMatched A2ExpectedCalls A2ExpectedGetters A2ExpectedSetters A2ExpectedSignatures A2InterfaceAsType A2MnemonicNames A2NamedConstants A2NoCheckstyleWarnings A2PublicMethodsOverride MultiThreadSumBoundedBuffer MultiThreadSumBulkPartialReduce MultiThreadSumMultiplePartialReduce MultiThreadSumMultipleRoundSynchronization MultiThreadSumThreads StandAloneTokenCountPartition1Reduce StandAloneTokenCountPartition2Reduce StandAloneTokenCountPartition3Reduce TokenCountBoundedBuffer TokenCountBulkPartialReduce TokenCountMultiplePartialReduce TokenCountMultipleRoundSynchronization TokenCountThreads ,
11,Fri Mar 19 22:19:23 CST 2021,23,0,MultiThreadTokenCounts,A2ConfigurationProvided Barrier BarrierClass JoinerClass LateJoin MultiThreadTokenCountResult PartitionerClass PartitionerFactory PartitionerObject , ,EarlyJoin MultiThreadSumResult SumBarrier SumJoiner TokenCountBarrier TokenCountBoundedBuffer+ TokenCountBulkPartialReduce+ TokenCountJoiner TokenCountMultiplePartialReduce+ TokenCountMultipleRoundSynchronization+ TokenCountThreads+ ,A2AccessModifiersMatched A2ExpectedCalls A2ExpectedGetters A2ExpectedSetters A2ExpectedSignatures A2InterfaceAsType A2MnemonicNames A2NamedConstants A2NoCheckstyleWarnings A2PublicMethodsOverride MultiThreadSumBoundedBuffer MultiThreadSumBulkPartialReduce MultiThreadSumMultiplePartialReduce MultiThreadSumMultipleRoundSynchronization MultiThreadSumThreads StandAloneTokenCountPartition1Reduce StandAloneTokenCountPartition2Reduce StandAloneTokenCountPartition3Reduce ,
12,Fri Mar 19 22:19:27 CST 2021,23,0,MultiThreadSum,A2ConfigurationProvided Barrier BarrierClass JoinerClass LateJoin MultiThreadTokenCountResult PartitionerClass PartitionerFactory PartitionerObject , ,EarlyJoin MultiThreadSumBoundedBuffer+ MultiThreadSumBulkPartialReduce+ MultiThreadSumMultiplePartialReduce+ MultiThreadSumMultipleRoundSynchronization+ MultiThreadSumResult MultiThreadSumThreads+ SumBarrier SumJoiner TokenCountBarrier TokenCountBoundedBuffer TokenCountBulkPartialReduce TokenCountJoiner TokenCountMultiplePartialReduce TokenCountMultipleRoundSynchronization TokenCountThreads ,A2AccessModifiersMatched A2ExpectedCalls A2ExpectedGetters A2ExpectedSetters A2ExpectedSignatures A2InterfaceAsType A2MnemonicNames A2NamedConstants A2NoCheckstyleWarnings A2PublicMethodsOverride StandAloneTokenCountPartition1Reduce StandAloneTokenCountPartition2Reduce StandAloneTokenCountPartition3Reduce ,
13,Fri Mar 19 22:19:59 CST 2021,23,0,EarlyJoin,A2ConfigurationProvided Barrier BarrierClass JoinerClass LateJoin MultiThreadTokenCountResult PartitionerClass PartitionerFactory PartitionerObject , ,EarlyJoin MultiThreadSumBoundedBuffer MultiThreadSumBulkPartialReduce MultiThreadSumMultiplePartialReduce MultiThreadSumMultipleRoundSynchronization MultiThreadSumResult MultiThreadSumThreads SumBarrier SumJoiner TokenCountBarrier TokenCountBoundedBuffer TokenCountBulkPartialReduce TokenCountJoiner TokenCountMultiplePartialReduce TokenCountMultipleRoundSynchronization TokenCountThreads ,A2AccessModifiersMatched A2ExpectedCalls A2ExpectedGetters A2ExpectedSetters A2ExpectedSignatures A2InterfaceAsType A2MnemonicNames A2NamedConstants A2NoCheckstyleWarnings A2PublicMethodsOverride StandAloneTokenCountPartition1Reduce StandAloneTokenCountPartition2Reduce StandAloneTokenCountPartition3Reduce ,
14,Fri Mar 19 22:21:38 CST 2021,23,0,A2ConfigurationProvided,A2ConfigurationProvided Barrier BarrierClass JoinerClass LateJoin MultiThreadTokenCountResult PartitionerClass PartitionerFactory PartitionerObject , ,EarlyJoin MultiThreadSumBoundedBuffer MultiThreadSumBulkPartialReduce MultiThreadSumMultiplePartialReduce MultiThreadSumMultipleRoundSynchronization MultiThreadSumResult MultiThreadSumThreads SumBarrier SumJoiner TokenCountBarrier TokenCountBoundedBuffer TokenCountBulkPartialReduce TokenCountJoiner TokenCountMultiplePartialReduce TokenCountMultipleRoundSynchronization TokenCountThreads ,A2AccessModifiersMatched A2ExpectedCalls A2ExpectedGetters A2ExpectedSetters A2ExpectedSignatures A2InterfaceAsType A2MnemonicNames A2NamedConstants A2NoCheckstyleWarnings A2PublicMethodsOverride StandAloneTokenCountPartition1Reduce StandAloneTokenCountPartition2Reduce StandAloneTokenCountPartition3Reduce ,
15,Fri Mar 19 22:21:43 CST 2021,23,0,PartitionerClassFactoryAndObject,A2ConfigurationProvided Barrier BarrierClass JoinerClass LateJoin MultiThreadTokenCountResult PartitionerClass PartitionerFactory PartitionerObject , ,EarlyJoin MultiThreadSumBoundedBuffer MultiThreadSumBulkPartialReduce MultiThreadSumMultiplePartialReduce MultiThreadSumMultipleRoundSynchronization MultiThreadSumResult MultiThreadSumThreads SumBarrier SumJoiner TokenCountBarrier TokenCountBoundedBuffer TokenCountBulkPartialReduce TokenCountJoiner TokenCountMultiplePartialReduce TokenCountMultipleRoundSynchronization TokenCountThreads ,A2AccessModifiersMatched A2ExpectedCalls A2ExpectedGetters A2ExpectedSetters A2ExpectedSignatures A2InterfaceAsType A2MnemonicNames A2NamedConstants A2NoCheckstyleWarnings A2PublicMethodsOverride StandAloneTokenCountPartition1Reduce StandAloneTokenCountPartition2Reduce StandAloneTokenCountPartition3Reduce ,
16,Fri Mar 19 22:21:47 CST 2021,23,0,MultiThreadTokenCounts,A2ConfigurationProvided Barrier BarrierClass JoinerClass LateJoin MultiThreadTokenCountResult PartitionerClass PartitionerFactory PartitionerObject , ,EarlyJoin MultiThreadSumBoundedBuffer MultiThreadSumBulkPartialReduce MultiThreadSumMultiplePartialReduce MultiThreadSumMultipleRoundSynchronization MultiThreadSumResult MultiThreadSumThreads SumBarrier SumJoiner TokenCountBarrier TokenCountBoundedBuffer TokenCountBulkPartialReduce TokenCountJoiner TokenCountMultiplePartialReduce TokenCountMultipleRoundSynchronization TokenCountThreads ,A2AccessModifiersMatched A2ExpectedCalls A2ExpectedGetters A2ExpectedSetters A2ExpectedSignatures A2InterfaceAsType A2MnemonicNames A2NamedConstants A2NoCheckstyleWarnings A2PublicMethodsOverride StandAloneTokenCountPartition1Reduce StandAloneTokenCountPartition2Reduce StandAloneTokenCountPartition3Reduce ,
17,Fri Mar 19 22:21:53 CST 2021,23,0,BarrierJoinSynchronizationClassAndObject,A2ConfigurationProvided Barrier BarrierClass JoinerClass LateJoin MultiThreadTokenCountResult PartitionerClass PartitionerFactory PartitionerObject , ,EarlyJoin MultiThreadSumBoundedBuffer MultiThreadSumBulkPartialReduce MultiThreadSumMultiplePartialReduce MultiThreadSumMultipleRoundSynchronization MultiThreadSumResult MultiThreadSumThreads SumBarrier SumJoiner TokenCountBarrier TokenCountBoundedBuffer TokenCountBulkPartialReduce TokenCountJoiner TokenCountMultiplePartialReduce TokenCountMultipleRoundSynchronization TokenCountThreads ,A2AccessModifiersMatched A2ExpectedCalls A2ExpectedGetters A2ExpectedSetters A2ExpectedSignatures A2InterfaceAsType A2MnemonicNames A2NamedConstants A2NoCheckstyleWarnings A2PublicMethodsOverride StandAloneTokenCountPartition1Reduce StandAloneTokenCountPartition2Reduce StandAloneTokenCountPartition3Reduce ,
18,Fri Mar 19 22:24:35 CST 2021,23,0,BarrierClass,A2ConfigurationProvided Barrier BarrierClass JoinerClass LateJoin MultiThreadTokenCountResult PartitionerClass PartitionerFactory PartitionerObject , ,EarlyJoin MultiThreadSumBoundedBuffer MultiThreadSumBulkPartialReduce MultiThreadSumMultiplePartialReduce MultiThreadSumMultipleRoundSynchronization MultiThreadSumResult MultiThreadSumThreads SumBarrier SumJoiner TokenCountBarrier TokenCountBoundedBuffer TokenCountBulkPartialReduce TokenCountJoiner TokenCountMultiplePartialReduce TokenCountMultipleRoundSynchronization TokenCountThreads ,A2AccessModifiersMatched A2ExpectedCalls A2ExpectedGetters A2ExpectedSetters A2ExpectedSignatures A2InterfaceAsType A2MnemonicNames A2NamedConstants A2NoCheckstyleWarnings A2PublicMethodsOverride StandAloneTokenCountPartition1Reduce StandAloneTokenCountPartition2Reduce StandAloneTokenCountPartition3Reduce ,
19,Fri Mar 19 22:24:39 CST 2021,23,0,Barrier,A2ConfigurationProvided Barrier BarrierClass JoinerClass LateJoin MultiThreadTokenCountResult PartitionerClass PartitionerFactory PartitionerObject , ,EarlyJoin MultiThreadSumBoundedBuffer MultiThreadSumBulkPartialReduce MultiThreadSumMultiplePartialReduce MultiThreadSumMultipleRoundSynchronization MultiThreadSumResult MultiThreadSumThreads SumBarrier SumJoiner TokenCountBarrier TokenCountBoundedBuffer TokenCountBulkPartialReduce TokenCountJoiner TokenCountMultiplePartialReduce TokenCountMultipleRoundSynchronization TokenCountThreads ,A2AccessModifiersMatched A2ExpectedCalls A2ExpectedGetters A2ExpectedSetters A2ExpectedSignatures A2InterfaceAsType A2MnemonicNames A2NamedConstants A2NoCheckstyleWarnings A2PublicMethodsOverride StandAloneTokenCountPartition1Reduce StandAloneTokenCountPartition2Reduce StandAloneTokenCountPartition3Reduce ,
20,Fri Mar 19 22:25:59 CST 2021,23,0,BarrierClass,A2ConfigurationProvided Barrier BarrierClass JoinerClass LateJoin MultiThreadTokenCountResult PartitionerClass PartitionerFactory PartitionerObject , ,EarlyJoin MultiThreadSumBoundedBuffer MultiThreadSumBulkPartialReduce MultiThreadSumMultiplePartialReduce MultiThreadSumMultipleRoundSynchronization MultiThreadSumResult MultiThreadSumThreads SumBarrier SumJoiner TokenCountBarrier TokenCountBoundedBuffer TokenCountBulkPartialReduce TokenCountJoiner TokenCountMultiplePartialReduce TokenCountMultipleRoundSynchronization TokenCountThreads ,A2AccessModifiersMatched A2ExpectedCalls A2ExpectedGetters A2ExpectedSetters A2ExpectedSignatures A2InterfaceAsType A2MnemonicNames A2NamedConstants A2NoCheckstyleWarnings A2PublicMethodsOverride StandAloneTokenCountPartition1Reduce StandAloneTokenCountPartition2Reduce StandAloneTokenCountPartition3Reduce ,
21,Fri Mar 19 22:26:03 CST 2021,23,0,Barrier,A2ConfigurationProvided Barrier BarrierClass JoinerClass LateJoin MultiThreadTokenCountResult PartitionerClass PartitionerFactory PartitionerObject , ,EarlyJoin MultiThreadSumBoundedBuffer MultiThreadSumBulkPartialReduce MultiThreadSumMultiplePartialReduce MultiThreadSumMultipleRoundSynchronization MultiThreadSumResult MultiThreadSumThreads SumBarrier SumJoiner TokenCountBarrier TokenCountBoundedBuffer TokenCountBulkPartialReduce TokenCountJoiner TokenCountMultiplePartialReduce TokenCountMultipleRoundSynchronization TokenCountThreads ,A2AccessModifiersMatched A2ExpectedCalls A2ExpectedGetters A2ExpectedSetters A2ExpectedSignatures A2InterfaceAsType A2MnemonicNames A2NamedConstants A2NoCheckstyleWarnings A2PublicMethodsOverride StandAloneTokenCountPartition1Reduce StandAloneTokenCountPartition2Reduce StandAloneTokenCountPartition3Reduce ,
22,Fri Mar 19 22:29:13 CST 2021,23,0,Barrier,A2ConfigurationProvided Barrier BarrierClass JoinerClass LateJoin MultiThreadTokenCountResult PartitionerClass PartitionerFactory PartitionerObject , ,EarlyJoin MultiThreadSumBoundedBuffer MultiThreadSumBulkPartialReduce MultiThreadSumMultiplePartialReduce MultiThreadSumMultipleRoundSynchronization MultiThreadSumResult MultiThreadSumThreads SumBarrier SumJoiner TokenCountBarrier TokenCountBoundedBuffer TokenCountBulkPartialReduce TokenCountJoiner TokenCountMultiplePartialReduce TokenCountMultipleRoundSynchronization TokenCountThreads ,A2AccessModifiersMatched A2ExpectedCalls A2ExpectedGetters A2ExpectedSetters A2ExpectedSignatures A2InterfaceAsType A2MnemonicNames A2NamedConstants A2NoCheckstyleWarnings A2PublicMethodsOverride StandAloneTokenCountPartition1Reduce StandAloneTokenCountPartition2Reduce StandAloneTokenCountPartition3Reduce ,
23,Fri Mar 19 22:29:45 CST 2021,23,0,Barrier,A2ConfigurationProvided Barrier BarrierClass JoinerClass LateJoin MultiThreadTokenCountResult PartitionerClass PartitionerFactory PartitionerObject , ,EarlyJoin MultiThreadSumBoundedBuffer MultiThreadSumBulkPartialReduce MultiThreadSumMultiplePartialReduce MultiThreadSumMultipleRoundSynchronization MultiThreadSumResult MultiThreadSumThreads SumBarrier SumJoiner TokenCountBarrier TokenCountBoundedBuffer TokenCountBulkPartialReduce TokenCountJoiner TokenCountMultiplePartialReduce TokenCountMultipleRoundSynchronization TokenCountThreads ,A2AccessModifiersMatched A2ExpectedCalls A2ExpectedGetters A2ExpectedSetters A2ExpectedSignatures A2InterfaceAsType A2MnemonicNames A2NamedConstants A2NoCheckstyleWarnings A2PublicMethodsOverride StandAloneTokenCountPartition1Reduce StandAloneTokenCountPartition2Reduce StandAloneTokenCountPartition3Reduce ,
24,Fri Mar 19 22:32:21 CST 2021,23,0,Barrier,A2ConfigurationProvided Barrier BarrierClass JoinerClass LateJoin MultiThreadTokenCountResult PartitionerClass PartitionerFactory PartitionerObject , ,EarlyJoin MultiThreadSumBoundedBuffer MultiThreadSumBulkPartialReduce MultiThreadSumMultiplePartialReduce MultiThreadSumMultipleRoundSynchronization MultiThreadSumResult MultiThreadSumThreads SumBarrier SumJoiner TokenCountBarrier TokenCountBoundedBuffer TokenCountBulkPartialReduce TokenCountJoiner TokenCountMultiplePartialReduce TokenCountMultipleRoundSynchronization TokenCountThreads ,A2AccessModifiersMatched A2ExpectedCalls A2ExpectedGetters A2ExpectedSetters A2ExpectedSignatures A2InterfaceAsType A2MnemonicNames A2NamedConstants A2NoCheckstyleWarnings A2PublicMethodsOverride StandAloneTokenCountPartition1Reduce StandAloneTokenCountPartition2Reduce StandAloneTokenCountPartition3Reduce ,
25,Fri Mar 19 22:35:34 CST 2021,23,0,BarrierClass,A2ConfigurationProvided Barrier BarrierClass JoinerClass LateJoin MultiThreadTokenCountResult PartitionerClass PartitionerFactory PartitionerObject , ,EarlyJoin MultiThreadSumBoundedBuffer MultiThreadSumBulkPartialReduce MultiThreadSumMultiplePartialReduce MultiThreadSumMultipleRoundSynchronization MultiThreadSumResult MultiThreadSumThreads SumBarrier SumJoiner TokenCountBarrier TokenCountBoundedBuffer TokenCountBulkPartialReduce TokenCountJoiner TokenCountMultiplePartialReduce TokenCountMultipleRoundSynchronization TokenCountThreads ,A2AccessModifiersMatched A2ExpectedCalls A2ExpectedGetters A2ExpectedSetters A2ExpectedSignatures A2InterfaceAsType A2MnemonicNames A2NamedConstants A2NoCheckstyleWarnings A2PublicMethodsOverride StandAloneTokenCountPartition1Reduce StandAloneTokenCountPartition2Reduce StandAloneTokenCountPartition3Reduce ,
26,Fri Mar 19 22:35:37 CST 2021,23,0,Barrier,A2ConfigurationProvided Barrier BarrierClass JoinerClass LateJoin MultiThreadTokenCountResult PartitionerClass PartitionerFactory PartitionerObject , ,EarlyJoin MultiThreadSumBoundedBuffer MultiThreadSumBulkPartialReduce MultiThreadSumMultiplePartialReduce MultiThreadSumMultipleRoundSynchronization MultiThreadSumResult MultiThreadSumThreads SumBarrier SumJoiner TokenCountBarrier TokenCountBoundedBuffer TokenCountBulkPartialReduce TokenCountJoiner TokenCountMultiplePartialReduce TokenCountMultipleRoundSynchronization TokenCountThreads ,A2AccessModifiersMatched A2ExpectedCalls A2ExpectedGetters A2ExpectedSetters A2ExpectedSignatures A2InterfaceAsType A2MnemonicNames A2NamedConstants A2NoCheckstyleWarnings A2PublicMethodsOverride StandAloneTokenCountPartition1Reduce StandAloneTokenCountPartition2Reduce StandAloneTokenCountPartition3Reduce ,
27,Fri Mar 19 23:24:08 CST 2021,23,0,BarrierClass,A2ConfigurationProvided Barrier BarrierClass JoinerClass LateJoin MultiThreadTokenCountResult PartitionerClass PartitionerFactory PartitionerObject , ,EarlyJoin MultiThreadSumBoundedBuffer MultiThreadSumBulkPartialReduce MultiThreadSumMultiplePartialReduce MultiThreadSumMultipleRoundSynchronization MultiThreadSumResult MultiThreadSumThreads SumBarrier SumJoiner TokenCountBarrier TokenCountBoundedBuffer TokenCountBulkPartialReduce TokenCountJoiner TokenCountMultiplePartialReduce TokenCountMultipleRoundSynchronization TokenCountThreads ,A2AccessModifiersMatched A2ExpectedCalls A2ExpectedGetters A2ExpectedSetters A2ExpectedSignatures A2InterfaceAsType A2MnemonicNames A2NamedConstants A2NoCheckstyleWarnings A2PublicMethodsOverride StandAloneTokenCountPartition1Reduce StandAloneTokenCountPartition2Reduce StandAloneTokenCountPartition3Reduce ,
28,Fri Mar 19 23:24:10 CST 2021,23,0,Barrier,A2ConfigurationProvided Barrier BarrierClass JoinerClass LateJoin MultiThreadTokenCountResult PartitionerClass PartitionerFactory PartitionerObject , ,EarlyJoin MultiThreadSumBoundedBuffer MultiThreadSumBulkPartialReduce MultiThreadSumMultiplePartialReduce MultiThreadSumMultipleRoundSynchronization MultiThreadSumResult MultiThreadSumThreads SumBarrier SumJoiner TokenCountBarrier TokenCountBoundedBuffer TokenCountBulkPartialReduce TokenCountJoiner TokenCountMultiplePartialReduce TokenCountMultipleRoundSynchronization TokenCountThreads ,A2AccessModifiersMatched A2ExpectedCalls A2ExpectedGetters A2ExpectedSetters A2ExpectedSignatures A2InterfaceAsType A2MnemonicNames A2NamedConstants A2NoCheckstyleWarnings A2PublicMethodsOverride StandAloneTokenCountPartition1Reduce StandAloneTokenCountPartition2Reduce StandAloneTokenCountPartition3Reduce ,
29,Fri Mar 19 23:24:20 CST 2021,23,0,JoinerClass,A2ConfigurationProvided Barrier BarrierClass JoinerClass LateJoin MultiThreadTokenCountResult PartitionerClass PartitionerFactory PartitionerObject , ,EarlyJoin MultiThreadSumBoundedBuffer MultiThreadSumBulkPartialReduce MultiThreadSumMultiplePartialReduce MultiThreadSumMultipleRoundSynchronization MultiThreadSumResult MultiThreadSumThreads SumBarrier SumJoiner TokenCountBarrier TokenCountBoundedBuffer TokenCountBulkPartialReduce TokenCountJoiner TokenCountMultiplePartialReduce TokenCountMultipleRoundSynchronization TokenCountThreads ,A2AccessModifiersMatched A2ExpectedCalls A2ExpectedGetters A2ExpectedSetters A2ExpectedSignatures A2InterfaceAsType A2MnemonicNames A2NamedConstants A2NoCheckstyleWarnings A2PublicMethodsOverride StandAloneTokenCountPartition1Reduce StandAloneTokenCountPartition2Reduce StandAloneTokenCountPartition3Reduce ,
30,Fri Mar 19 23:24:22 CST 2021,23,0,EarlyJoin,A2ConfigurationProvided Barrier BarrierClass JoinerClass LateJoin MultiThreadTokenCountResult PartitionerClass PartitionerFactory PartitionerObject , ,EarlyJoin MultiThreadSumBoundedBuffer MultiThreadSumBulkPartialReduce MultiThreadSumMultiplePartialReduce MultiThreadSumMultipleRoundSynchronization MultiThreadSumResult MultiThreadSumThreads SumBarrier SumJoiner TokenCountBarrier TokenCountBoundedBuffer TokenCountBulkPartialReduce TokenCountJoiner TokenCountMultiplePartialReduce TokenCountMultipleRoundSynchronization TokenCountThreads ,A2AccessModifiersMatched A2ExpectedCalls A2ExpectedGetters A2ExpectedSetters A2ExpectedSignatures A2InterfaceAsType A2MnemonicNames A2NamedConstants A2NoCheckstyleWarnings A2PublicMethodsOverride StandAloneTokenCountPartition1Reduce StandAloneTokenCountPartition2Reduce StandAloneTokenCountPartition3Reduce ,
31,Fri Mar 19 23:24:26 CST 2021,23,0,LateJoin,A2ConfigurationProvided Barrier BarrierClass JoinerClass LateJoin MultiThreadTokenCountResult PartitionerClass PartitionerFactory PartitionerObject , ,EarlyJoin MultiThreadSumBoundedBuffer MultiThreadSumBulkPartialReduce MultiThreadSumMultiplePartialReduce MultiThreadSumMultipleRoundSynchronization MultiThreadSumResult MultiThreadSumThreads SumBarrier SumJoiner TokenCountBarrier TokenCountBoundedBuffer TokenCountBulkPartialReduce TokenCountJoiner TokenCountMultiplePartialReduce TokenCountMultipleRoundSynchronization TokenCountThreads ,A2AccessModifiersMatched A2ExpectedCalls A2ExpectedGetters A2ExpectedSetters A2ExpectedSignatures A2InterfaceAsType A2MnemonicNames A2NamedConstants A2NoCheckstyleWarnings A2PublicMethodsOverride StandAloneTokenCountPartition1Reduce StandAloneTokenCountPartition2Reduce StandAloneTokenCountPartition3Reduce ,
32,Fri Mar 19 23:28:17 CST 2021,23,0,BarrierClass,A2ConfigurationProvided Barrier BarrierClass JoinerClass LateJoin MultiThreadTokenCountResult PartitionerClass PartitionerFactory PartitionerObject , ,EarlyJoin MultiThreadSumBoundedBuffer MultiThreadSumBulkPartialReduce MultiThreadSumMultiplePartialReduce MultiThreadSumMultipleRoundSynchronization MultiThreadSumResult MultiThreadSumThreads SumBarrier SumJoiner TokenCountBarrier TokenCountBoundedBuffer TokenCountBulkPartialReduce TokenCountJoiner TokenCountMultiplePartialReduce TokenCountMultipleRoundSynchronization TokenCountThreads ,A2AccessModifiersMatched A2ExpectedCalls A2ExpectedGetters A2ExpectedSetters A2ExpectedSignatures A2InterfaceAsType A2MnemonicNames A2NamedConstants A2NoCheckstyleWarnings A2PublicMethodsOverride StandAloneTokenCountPartition1Reduce StandAloneTokenCountPartition2Reduce StandAloneTokenCountPartition3Reduce ,
33,Fri Mar 19 23:28:19 CST 2021,23,0,Barrier,A2ConfigurationProvided Barrier BarrierClass JoinerClass LateJoin MultiThreadTokenCountResult PartitionerClass PartitionerFactory PartitionerObject , ,EarlyJoin MultiThreadSumBoundedBuffer MultiThreadSumBulkPartialReduce MultiThreadSumMultiplePartialReduce MultiThreadSumMultipleRoundSynchronization MultiThreadSumResult MultiThreadSumThreads SumBarrier SumJoiner TokenCountBarrier TokenCountBoundedBuffer TokenCountBulkPartialReduce TokenCountJoiner TokenCountMultiplePartialReduce TokenCountMultipleRoundSynchronization TokenCountThreads ,A2AccessModifiersMatched A2ExpectedCalls A2ExpectedGetters A2ExpectedSetters A2ExpectedSignatures A2InterfaceAsType A2MnemonicNames A2NamedConstants A2NoCheckstyleWarnings A2PublicMethodsOverride StandAloneTokenCountPartition1Reduce StandAloneTokenCountPartition2Reduce StandAloneTokenCountPartition3Reduce ,
34,Fri Mar 19 23:28:20 CST 2021,23,0,JoinerClass,A2ConfigurationProvided Barrier BarrierClass JoinerClass LateJoin MultiThreadTokenCountResult PartitionerClass PartitionerFactory PartitionerObject , ,EarlyJoin MultiThreadSumBoundedBuffer MultiThreadSumBulkPartialReduce MultiThreadSumMultiplePartialReduce MultiThreadSumMultipleRoundSynchronization MultiThreadSumResult MultiThreadSumThreads SumBarrier SumJoiner TokenCountBarrier TokenCountBoundedBuffer TokenCountBulkPartialReduce TokenCountJoiner TokenCountMultiplePartialReduce TokenCountMultipleRoundSynchronization TokenCountThreads ,A2AccessModifiersMatched A2ExpectedCalls A2ExpectedGetters A2ExpectedSetters A2ExpectedSignatures A2InterfaceAsType A2MnemonicNames A2NamedConstants A2NoCheckstyleWarnings A2PublicMethodsOverride StandAloneTokenCountPartition1Reduce StandAloneTokenCountPartition2Reduce StandAloneTokenCountPartition3Reduce ,
35,Fri Mar 19 23:28:22 CST 2021,23,0,EarlyJoin,A2ConfigurationProvided Barrier BarrierClass JoinerClass LateJoin MultiThreadTokenCountResult PartitionerClass PartitionerFactory PartitionerObject , ,EarlyJoin MultiThreadSumBoundedBuffer MultiThreadSumBulkPartialReduce MultiThreadSumMultiplePartialReduce MultiThreadSumMultipleRoundSynchronization MultiThreadSumResult MultiThreadSumThreads SumBarrier SumJoiner TokenCountBarrier TokenCountBoundedBuffer TokenCountBulkPartialReduce TokenCountJoiner TokenCountMultiplePartialReduce TokenCountMultipleRoundSynchronization TokenCountThreads ,A2AccessModifiersMatched A2ExpectedCalls A2ExpectedGetters A2ExpectedSetters A2ExpectedSignatures A2InterfaceAsType A2MnemonicNames A2NamedConstants A2NoCheckstyleWarnings A2PublicMethodsOverride StandAloneTokenCountPartition1Reduce StandAloneTokenCountPartition2Reduce StandAloneTokenCountPartition3Reduce ,
36,Fri Mar 19 23:29:16 CST 2021,23,0,EarlyJoin,A2ConfigurationProvided Barrier BarrierClass JoinerClass LateJoin MultiThreadTokenCountResult PartitionerClass PartitionerFactory PartitionerObject , ,EarlyJoin MultiThreadSumBoundedBuffer MultiThreadSumBulkPartialReduce MultiThreadSumMultiplePartialReduce MultiThreadSumMultipleRoundSynchronization MultiThreadSumResult MultiThreadSumThreads SumBarrier SumJoiner TokenCountBarrier TokenCountBoundedBuffer TokenCountBulkPartialReduce TokenCountJoiner TokenCountMultiplePartialReduce TokenCountMultipleRoundSynchronization TokenCountThreads ,A2AccessModifiersMatched A2ExpectedCalls A2ExpectedGetters A2ExpectedSetters A2ExpectedSignatures A2InterfaceAsType A2MnemonicNames A2NamedConstants A2NoCheckstyleWarnings A2PublicMethodsOverride StandAloneTokenCountPartition1Reduce StandAloneTokenCountPartition2Reduce StandAloneTokenCountPartition3Reduce ,
37,Fri Mar 19 23:36:48 CST 2021,23,0,Barrier,A2ConfigurationProvided Barrier BarrierClass JoinerClass LateJoin MultiThreadTokenCountResult PartitionerClass PartitionerFactory PartitionerObject , ,EarlyJoin MultiThreadSumBoundedBuffer MultiThreadSumBulkPartialReduce MultiThreadSumMultiplePartialReduce MultiThreadSumMultipleRoundSynchronization MultiThreadSumResult MultiThreadSumThreads SumBarrier SumJoiner TokenCountBarrier TokenCountBoundedBuffer TokenCountBulkPartialReduce TokenCountJoiner TokenCountMultiplePartialReduce TokenCountMultipleRoundSynchronization TokenCountThreads ,A2AccessModifiersMatched A2ExpectedCalls A2ExpectedGetters A2ExpectedSetters A2ExpectedSignatures A2InterfaceAsType A2MnemonicNames A2NamedConstants A2NoCheckstyleWarnings A2PublicMethodsOverride StandAloneTokenCountPartition1Reduce StandAloneTokenCountPartition2Reduce StandAloneTokenCountPartition3Reduce ,
38,Fri Mar 19 23:36:51 CST 2021,23,0,JoinerClass,A2ConfigurationProvided Barrier BarrierClass JoinerClass LateJoin MultiThreadTokenCountResult PartitionerClass PartitionerFactory PartitionerObject , ,EarlyJoin MultiThreadSumBoundedBuffer MultiThreadSumBulkPartialReduce MultiThreadSumMultiplePartialReduce MultiThreadSumMultipleRoundSynchronization MultiThreadSumResult MultiThreadSumThreads SumBarrier SumJoiner TokenCountBarrier TokenCountBoundedBuffer TokenCountBulkPartialReduce TokenCountJoiner TokenCountMultiplePartialReduce TokenCountMultipleRoundSynchronization TokenCountThreads ,A2AccessModifiersMatched A2ExpectedCalls A2ExpectedGetters A2ExpectedSetters A2ExpectedSignatures A2InterfaceAsType A2MnemonicNames A2NamedConstants A2NoCheckstyleWarnings A2PublicMethodsOverride StandAloneTokenCountPartition1Reduce StandAloneTokenCountPartition2Reduce StandAloneTokenCountPartition3Reduce ,
39,Fri Mar 19 23:36:54 CST 2021,26,3,EarlyJoin,A2ConfigurationProvided Barrier BarrierClass EarlyJoin+ JoinerClass LateJoin MultiThreadTokenCountResult PartitionerClass PartitionerFactory PartitionerObject , ,MultiThreadSumBoundedBuffer MultiThreadSumBulkPartialReduce MultiThreadSumMultiplePartialReduce MultiThreadSumMultipleRoundSynchronization MultiThreadSumResult MultiThreadSumThreads SumBarrier SumJoiner TokenCountBarrier TokenCountBoundedBuffer TokenCountBulkPartialReduce TokenCountJoiner TokenCountMultiplePartialReduce TokenCountMultipleRoundSynchronization TokenCountThreads ,A2AccessModifiersMatched A2ExpectedCalls A2ExpectedGetters A2ExpectedSetters A2ExpectedSignatures A2InterfaceAsType A2MnemonicNames A2NamedConstants A2NoCheckstyleWarnings A2PublicMethodsOverride StandAloneTokenCountPartition1Reduce StandAloneTokenCountPartition2Reduce StandAloneTokenCountPartition3Reduce ,
40,Fri Mar 19 23:37:59 CST 2021,26,0,BarrierClass,A2ConfigurationProvided Barrier BarrierClass EarlyJoin JoinerClass LateJoin MultiThreadTokenCountResult PartitionerClass PartitionerFactory PartitionerObject , ,MultiThreadSumBoundedBuffer MultiThreadSumBulkPartialReduce MultiThreadSumMultiplePartialReduce MultiThreadSumMultipleRoundSynchronization MultiThreadSumResult MultiThreadSumThreads SumBarrier SumJoiner TokenCountBarrier TokenCountBoundedBuffer TokenCountBulkPartialReduce TokenCountJoiner TokenCountMultiplePartialReduce TokenCountMultipleRoundSynchronization TokenCountThreads ,A2AccessModifiersMatched A2ExpectedCalls A2ExpectedGetters A2ExpectedSetters A2ExpectedSignatures A2InterfaceAsType A2MnemonicNames A2NamedConstants A2NoCheckstyleWarnings A2PublicMethodsOverride StandAloneTokenCountPartition1Reduce StandAloneTokenCountPartition2Reduce StandAloneTokenCountPartition3Reduce ,
41,Fri Mar 19 23:38:01 CST 2021,26,0,Barrier,A2ConfigurationProvided Barrier BarrierClass EarlyJoin JoinerClass LateJoin MultiThreadTokenCountResult PartitionerClass PartitionerFactory PartitionerObject , ,MultiThreadSumBoundedBuffer MultiThreadSumBulkPartialReduce MultiThreadSumMultiplePartialReduce MultiThreadSumMultipleRoundSynchronization MultiThreadSumResult MultiThreadSumThreads SumBarrier SumJoiner TokenCountBarrier TokenCountBoundedBuffer TokenCountBulkPartialReduce TokenCountJoiner TokenCountMultiplePartialReduce TokenCountMultipleRoundSynchronization TokenCountThreads ,A2AccessModifiersMatched A2ExpectedCalls A2ExpectedGetters A2ExpectedSetters A2ExpectedSignatures A2InterfaceAsType A2MnemonicNames A2NamedConstants A2NoCheckstyleWarnings A2PublicMethodsOverride StandAloneTokenCountPartition1Reduce StandAloneTokenCountPartition2Reduce StandAloneTokenCountPartition3Reduce ,
42,Fri Mar 19 23:38:03 CST 2021,26,0,JoinerClass,A2ConfigurationProvided Barrier BarrierClass EarlyJoin JoinerClass LateJoin MultiThreadTokenCountResult PartitionerClass PartitionerFactory PartitionerObject , ,MultiThreadSumBoundedBuffer MultiThreadSumBulkPartialReduce MultiThreadSumMultiplePartialReduce MultiThreadSumMultipleRoundSynchronization MultiThreadSumResult MultiThreadSumThreads SumBarrier SumJoiner TokenCountBarrier TokenCountBoundedBuffer TokenCountBulkPartialReduce TokenCountJoiner TokenCountMultiplePartialReduce TokenCountMultipleRoundSynchronization TokenCountThreads ,A2AccessModifiersMatched A2ExpectedCalls A2ExpectedGetters A2ExpectedSetters A2ExpectedSignatures A2InterfaceAsType A2MnemonicNames A2NamedConstants A2NoCheckstyleWarnings A2PublicMethodsOverride StandAloneTokenCountPartition1Reduce StandAloneTokenCountPartition2Reduce StandAloneTokenCountPartition3Reduce ,
43,Fri Mar 19 23:38:08 CST 2021,23,-3,EarlyJoin,A2ConfigurationProvided Barrier BarrierClass JoinerClass LateJoin MultiThreadTokenCountResult PartitionerClass PartitionerFactory PartitionerObject , ,EarlyJoin- MultiThreadSumBoundedBuffer MultiThreadSumBulkPartialReduce MultiThreadSumMultiplePartialReduce MultiThreadSumMultipleRoundSynchronization MultiThreadSumResult MultiThreadSumThreads SumBarrier SumJoiner TokenCountBarrier TokenCountBoundedBuffer TokenCountBulkPartialReduce TokenCountJoiner TokenCountMultiplePartialReduce TokenCountMultipleRoundSynchronization TokenCountThreads ,A2AccessModifiersMatched A2ExpectedCalls A2ExpectedGetters A2ExpectedSetters A2ExpectedSignatures A2InterfaceAsType A2MnemonicNames A2NamedConstants A2NoCheckstyleWarnings A2PublicMethodsOverride StandAloneTokenCountPartition1Reduce StandAloneTokenCountPartition2Reduce StandAloneTokenCountPartition3Reduce ,
44,Fri Mar 19 23:43:48 CST 2021,26,3,EarlyJoin,A2ConfigurationProvided Barrier BarrierClass EarlyJoin+ JoinerClass LateJoin MultiThreadTokenCountResult PartitionerClass PartitionerFactory PartitionerObject , ,MultiThreadSumBoundedBuffer MultiThreadSumBulkPartialReduce MultiThreadSumMultiplePartialReduce MultiThreadSumMultipleRoundSynchronization MultiThreadSumResult MultiThreadSumThreads SumBarrier SumJoiner TokenCountBarrier TokenCountBoundedBuffer TokenCountBulkPartialReduce TokenCountJoiner TokenCountMultiplePartialReduce TokenCountMultipleRoundSynchronization TokenCountThreads ,A2AccessModifiersMatched A2ExpectedCalls A2ExpectedGetters A2ExpectedSetters A2ExpectedSignatures A2InterfaceAsType A2MnemonicNames A2NamedConstants A2NoCheckstyleWarnings A2PublicMethodsOverride StandAloneTokenCountPartition1Reduce StandAloneTokenCountPartition2Reduce StandAloneTokenCountPartition3Reduce ,
45,Fri Mar 19 23:54:27 CST 2021,26,0,EarlyJoin,A2ConfigurationProvided Barrier BarrierClass EarlyJoin JoinerClass LateJoin MultiThreadTokenCountResult PartitionerClass PartitionerFactory PartitionerObject , ,MultiThreadSumBoundedBuffer MultiThreadSumBulkPartialReduce MultiThreadSumMultiplePartialReduce MultiThreadSumMultipleRoundSynchronization MultiThreadSumResult MultiThreadSumThreads SumBarrier SumJoiner TokenCountBarrier TokenCountBoundedBuffer TokenCountBulkPartialReduce TokenCountJoiner TokenCountMultiplePartialReduce TokenCountMultipleRoundSynchronization TokenCountThreads ,A2AccessModifiersMatched A2ExpectedCalls A2ExpectedGetters A2ExpectedSetters A2ExpectedSignatures A2InterfaceAsType A2MnemonicNames A2NamedConstants A2NoCheckstyleWarnings A2PublicMethodsOverride StandAloneTokenCountPartition1Reduce StandAloneTokenCountPartition2Reduce StandAloneTokenCountPartition3Reduce ,
46,Fri Mar 19 23:54:39 CST 2021,26,0,BarrierClass,A2ConfigurationProvided Barrier BarrierClass EarlyJoin JoinerClass LateJoin MultiThreadTokenCountResult PartitionerClass PartitionerFactory PartitionerObject , ,MultiThreadSumBoundedBuffer MultiThreadSumBulkPartialReduce MultiThreadSumMultiplePartialReduce MultiThreadSumMultipleRoundSynchronization MultiThreadSumResult MultiThreadSumThreads SumBarrier SumJoiner TokenCountBarrier TokenCountBoundedBuffer TokenCountBulkPartialReduce TokenCountJoiner TokenCountMultiplePartialReduce TokenCountMultipleRoundSynchronization TokenCountThreads ,A2AccessModifiersMatched A2ExpectedCalls A2ExpectedGetters A2ExpectedSetters A2ExpectedSignatures A2InterfaceAsType A2MnemonicNames A2NamedConstants A2NoCheckstyleWarnings A2PublicMethodsOverride StandAloneTokenCountPartition1Reduce StandAloneTokenCountPartition2Reduce StandAloneTokenCountPartition3Reduce ,
47,Fri Mar 19 23:54:45 CST 2021,26,0,Barrier,A2ConfigurationProvided Barrier BarrierClass EarlyJoin JoinerClass LateJoin MultiThreadTokenCountResult PartitionerClass PartitionerFactory PartitionerObject , ,MultiThreadSumBoundedBuffer MultiThreadSumBulkPartialReduce MultiThreadSumMultiplePartialReduce MultiThreadSumMultipleRoundSynchronization MultiThreadSumResult MultiThreadSumThreads SumBarrier SumJoiner TokenCountBarrier TokenCountBoundedBuffer TokenCountBulkPartialReduce TokenCountJoiner TokenCountMultiplePartialReduce TokenCountMultipleRoundSynchronization TokenCountThreads ,A2AccessModifiersMatched A2ExpectedCalls A2ExpectedGetters A2ExpectedSetters A2ExpectedSignatures A2InterfaceAsType A2MnemonicNames A2NamedConstants A2NoCheckstyleWarnings A2PublicMethodsOverride StandAloneTokenCountPartition1Reduce StandAloneTokenCountPartition2Reduce StandAloneTokenCountPartition3Reduce ,
48,Fri Mar 19 23:54:46 CST 2021,26,0,JoinerClass,A2ConfigurationProvided Barrier BarrierClass EarlyJoin JoinerClass LateJoin MultiThreadTokenCountResult PartitionerClass PartitionerFactory PartitionerObject , ,MultiThreadSumBoundedBuffer MultiThreadSumBulkPartialReduce MultiThreadSumMultiplePartialReduce MultiThreadSumMultipleRoundSynchronization MultiThreadSumResult MultiThreadSumThreads SumBarrier SumJoiner TokenCountBarrier TokenCountBoundedBuffer TokenCountBulkPartialReduce TokenCountJoiner TokenCountMultiplePartialReduce TokenCountMultipleRoundSynchronization TokenCountThreads ,A2AccessModifiersMatched A2ExpectedCalls A2ExpectedGetters A2ExpectedSetters A2ExpectedSignatures A2InterfaceAsType A2MnemonicNames A2NamedConstants A2NoCheckstyleWarnings A2PublicMethodsOverride StandAloneTokenCountPartition1Reduce StandAloneTokenCountPartition2Reduce StandAloneTokenCountPartition3Reduce ,
49,Fri Mar 19 23:54:52 CST 2021,26,0,LateJoin,A2ConfigurationProvided Barrier BarrierClass EarlyJoin JoinerClass LateJoin MultiThreadTokenCountResult PartitionerClass PartitionerFactory PartitionerObject , ,MultiThreadSumBoundedBuffer MultiThreadSumBulkPartialReduce MultiThreadSumMultiplePartialReduce MultiThreadSumMultipleRoundSynchronization MultiThreadSumResult MultiThreadSumThreads SumBarrier SumJoiner TokenCountBarrier TokenCountBoundedBuffer TokenCountBulkPartialReduce TokenCountJoiner TokenCountMultiplePartialReduce TokenCountMultipleRoundSynchronization TokenCountThreads ,A2AccessModifiersMatched A2ExpectedCalls A2ExpectedGetters A2ExpectedSetters A2ExpectedSignatures A2InterfaceAsType A2MnemonicNames A2NamedConstants A2NoCheckstyleWarnings A2PublicMethodsOverride StandAloneTokenCountPartition1Reduce StandAloneTokenCountPartition2Reduce StandAloneTokenCountPartition3Reduce ,
50,Fri Mar 19 23:54:56 CST 2021,26,0,EarlyJoin,A2ConfigurationProvided Barrier BarrierClass EarlyJoin JoinerClass LateJoin MultiThreadTokenCountResult PartitionerClass PartitionerFactory PartitionerObject , ,MultiThreadSumBoundedBuffer MultiThreadSumBulkPartialReduce MultiThreadSumMultiplePartialReduce MultiThreadSumMultipleRoundSynchronization MultiThreadSumResult MultiThreadSumThreads SumBarrier SumJoiner TokenCountBarrier TokenCountBoundedBuffer TokenCountBulkPartialReduce TokenCountJoiner TokenCountMultiplePartialReduce TokenCountMultipleRoundSynchronization TokenCountThreads ,A2AccessModifiersMatched A2ExpectedCalls A2ExpectedGetters A2ExpectedSetters A2ExpectedSignatures A2InterfaceAsType A2MnemonicNames A2NamedConstants A2NoCheckstyleWarnings A2PublicMethodsOverride StandAloneTokenCountPartition1Reduce StandAloneTokenCountPartition2Reduce StandAloneTokenCountPartition3Reduce ,
51,Fri Mar 19 23:55:11 CST 2021,26,0,BarrierJoinSynchronizationClassAndObject,A2ConfigurationProvided Barrier BarrierClass EarlyJoin JoinerClass LateJoin MultiThreadTokenCountResult PartitionerClass PartitionerFactory PartitionerObject , ,MultiThreadSumBoundedBuffer MultiThreadSumBulkPartialReduce MultiThreadSumMultiplePartialReduce MultiThreadSumMultipleRoundSynchronization MultiThreadSumResult MultiThreadSumThreads SumBarrier SumJoiner TokenCountBarrier TokenCountBoundedBuffer TokenCountBulkPartialReduce TokenCountJoiner TokenCountMultiplePartialReduce TokenCountMultipleRoundSynchronization TokenCountThreads ,A2AccessModifiersMatched A2ExpectedCalls A2ExpectedGetters A2ExpectedSetters A2ExpectedSignatures A2InterfaceAsType A2MnemonicNames A2NamedConstants A2NoCheckstyleWarnings A2PublicMethodsOverride StandAloneTokenCountPartition1Reduce StandAloneTokenCountPartition2Reduce StandAloneTokenCountPartition3Reduce ,
52,Sat Mar 20 00:07:50 CST 2021,26,0,EarlyJoin,A2ConfigurationProvided Barrier BarrierClass EarlyJoin JoinerClass LateJoin MultiThreadTokenCountResult PartitionerClass PartitionerFactory PartitionerObject , ,MultiThreadSumBoundedBuffer MultiThreadSumBulkPartialReduce MultiThreadSumMultiplePartialReduce MultiThreadSumMultipleRoundSynchronization MultiThreadSumResult MultiThreadSumThreads SumBarrier SumJoiner TokenCountBarrier TokenCountBoundedBuffer TokenCountBulkPartialReduce TokenCountJoiner TokenCountMultiplePartialReduce TokenCountMultipleRoundSynchronization TokenCountThreads ,A2AccessModifiersMatched A2ExpectedCalls A2ExpectedGetters A2ExpectedSetters A2ExpectedSignatures A2InterfaceAsType A2MnemonicNames A2NamedConstants A2NoCheckstyleWarnings A2PublicMethodsOverride StandAloneTokenCountPartition1Reduce StandAloneTokenCountPartition2Reduce StandAloneTokenCountPartition3Reduce ,
53,Sat Mar 20 00:09:53 CST 2021,26,0,EarlyJoin,A2ConfigurationProvided Barrier BarrierClass EarlyJoin JoinerClass LateJoin MultiThreadTokenCountResult PartitionerClass PartitionerFactory PartitionerObject , ,MultiThreadSumBoundedBuffer MultiThreadSumBulkPartialReduce MultiThreadSumMultiplePartialReduce MultiThreadSumMultipleRoundSynchronization MultiThreadSumResult MultiThreadSumThreads SumBarrier SumJoiner TokenCountBarrier TokenCountBoundedBuffer TokenCountBulkPartialReduce TokenCountJoiner TokenCountMultiplePartialReduce TokenCountMultipleRoundSynchronization TokenCountThreads ,A2AccessModifiersMatched A2ExpectedCalls A2ExpectedGetters A2ExpectedSetters A2ExpectedSignatures A2InterfaceAsType A2MnemonicNames A2NamedConstants A2NoCheckstyleWarnings A2PublicMethodsOverride StandAloneTokenCountPartition1Reduce StandAloneTokenCountPartition2Reduce StandAloneTokenCountPartition3Reduce ,
54,Sat Mar 20 00:10:02 CST 2021,26,0,LateJoin,A2ConfigurationProvided Barrier BarrierClass EarlyJoin JoinerClass LateJoin MultiThreadTokenCountResult PartitionerClass PartitionerFactory PartitionerObject , ,MultiThreadSumBoundedBuffer MultiThreadSumBulkPartialReduce MultiThreadSumMultiplePartialReduce MultiThreadSumMultipleRoundSynchronization MultiThreadSumResult MultiThreadSumThreads SumBarrier SumJoiner TokenCountBarrier TokenCountBoundedBuffer TokenCountBulkPartialReduce TokenCountJoiner TokenCountMultiplePartialReduce TokenCountMultipleRoundSynchronization TokenCountThreads ,A2AccessModifiersMatched A2ExpectedCalls A2ExpectedGetters A2ExpectedSetters A2ExpectedSignatures A2InterfaceAsType A2MnemonicNames A2NamedConstants A2NoCheckstyleWarnings A2PublicMethodsOverride StandAloneTokenCountPartition1Reduce StandAloneTokenCountPartition2Reduce StandAloneTokenCountPartition3Reduce ,
55,Sat Mar 20 00:11:22 CST 2021,26,0,EarlyJoin,A2ConfigurationProvided Barrier BarrierClass EarlyJoin JoinerClass LateJoin MultiThreadTokenCountResult PartitionerClass PartitionerFactory PartitionerObject , ,MultiThreadSumBoundedBuffer MultiThreadSumBulkPartialReduce MultiThreadSumMultiplePartialReduce MultiThreadSumMultipleRoundSynchronization MultiThreadSumResult MultiThreadSumThreads SumBarrier SumJoiner TokenCountBarrier TokenCountBoundedBuffer TokenCountBulkPartialReduce TokenCountJoiner TokenCountMultiplePartialReduce TokenCountMultipleRoundSynchronization TokenCountThreads ,A2AccessModifiersMatched A2ExpectedCalls A2ExpectedGetters A2ExpectedSetters A2ExpectedSignatures A2InterfaceAsType A2MnemonicNames A2NamedConstants A2NoCheckstyleWarnings A2PublicMethodsOverride StandAloneTokenCountPartition1Reduce StandAloneTokenCountPartition2Reduce StandAloneTokenCountPartition3Reduce ,
56,Sat Mar 20 00:11:29 CST 2021,26,0,LateJoin,A2ConfigurationProvided Barrier BarrierClass EarlyJoin JoinerClass LateJoin MultiThreadTokenCountResult PartitionerClass PartitionerFactory PartitionerObject , ,MultiThreadSumBoundedBuffer MultiThreadSumBulkPartialReduce MultiThreadSumMultiplePartialReduce MultiThreadSumMultipleRoundSynchronization MultiThreadSumResult MultiThreadSumThreads SumBarrier SumJoiner TokenCountBarrier TokenCountBoundedBuffer TokenCountBulkPartialReduce TokenCountJoiner TokenCountMultiplePartialReduce TokenCountMultipleRoundSynchronization TokenCountThreads ,A2AccessModifiersMatched A2ExpectedCalls A2ExpectedGetters A2ExpectedSetters A2ExpectedSignatures A2InterfaceAsType A2MnemonicNames A2NamedConstants A2NoCheckstyleWarnings A2PublicMethodsOverride StandAloneTokenCountPartition1Reduce StandAloneTokenCountPartition2Reduce StandAloneTokenCountPartition3Reduce ,
57,Sat Mar 20 00:12:21 CST 2021,23,-3,EarlyJoin,A2ConfigurationProvided Barrier BarrierClass JoinerClass LateJoin MultiThreadTokenCountResult PartitionerClass PartitionerFactory PartitionerObject , ,EarlyJoin- MultiThreadSumBoundedBuffer MultiThreadSumBulkPartialReduce MultiThreadSumMultiplePartialReduce MultiThreadSumMultipleRoundSynchronization MultiThreadSumResult MultiThreadSumThreads SumBarrier SumJoiner TokenCountBarrier TokenCountBoundedBuffer TokenCountBulkPartialReduce TokenCountJoiner TokenCountMultiplePartialReduce TokenCountMultipleRoundSynchronization TokenCountThreads ,A2AccessModifiersMatched A2ExpectedCalls A2ExpectedGetters A2ExpectedSetters A2ExpectedSignatures A2InterfaceAsType A2MnemonicNames A2NamedConstants A2NoCheckstyleWarnings A2PublicMethodsOverride StandAloneTokenCountPartition1Reduce StandAloneTokenCountPartition2Reduce StandAloneTokenCountPartition3Reduce ,
58,Sat Mar 20 00:12:27 CST 2021,23,0,LateJoin,A2ConfigurationProvided Barrier BarrierClass JoinerClass LateJoin MultiThreadTokenCountResult PartitionerClass PartitionerFactory PartitionerObject , ,EarlyJoin MultiThreadSumBoundedBuffer MultiThreadSumBulkPartialReduce MultiThreadSumMultiplePartialReduce MultiThreadSumMultipleRoundSynchronization MultiThreadSumResult MultiThreadSumThreads SumBarrier SumJoiner TokenCountBarrier TokenCountBoundedBuffer TokenCountBulkPartialReduce TokenCountJoiner TokenCountMultiplePartialReduce TokenCountMultipleRoundSynchronization TokenCountThreads ,A2AccessModifiersMatched A2ExpectedCalls A2ExpectedGetters A2ExpectedSetters A2ExpectedSignatures A2InterfaceAsType A2MnemonicNames A2NamedConstants A2NoCheckstyleWarnings A2PublicMethodsOverride StandAloneTokenCountPartition1Reduce StandAloneTokenCountPartition2Reduce StandAloneTokenCountPartition3Reduce ,
59,Sat Mar 20 10:57:28 CST 2021,23,0,EarlyJoin,A2ConfigurationProvided Barrier BarrierClass JoinerClass LateJoin MultiThreadTokenCountResult PartitionerClass PartitionerFactory PartitionerObject , ,EarlyJoin MultiThreadSumBoundedBuffer MultiThreadSumBulkPartialReduce MultiThreadSumMultiplePartialReduce MultiThreadSumMultipleRoundSynchronization MultiThreadSumResult MultiThreadSumThreads SumBarrier SumJoiner TokenCountBarrier TokenCountBoundedBuffer TokenCountBulkPartialReduce TokenCountJoiner TokenCountMultiplePartialReduce TokenCountMultipleRoundSynchronization TokenCountThreads ,A2AccessModifiersMatched A2ExpectedCalls A2ExpectedGetters A2ExpectedSetters A2ExpectedSignatures A2InterfaceAsType A2MnemonicNames A2NamedConstants A2NoCheckstyleWarnings A2PublicMethodsOverride StandAloneTokenCountPartition1Reduce StandAloneTokenCountPartition2Reduce StandAloneTokenCountPartition3Reduce ,
60,Sat Mar 20 10:57:34 CST 2021,23,0,LateJoin,A2ConfigurationProvided Barrier BarrierClass JoinerClass LateJoin MultiThreadTokenCountResult PartitionerClass PartitionerFactory PartitionerObject , ,EarlyJoin MultiThreadSumBoundedBuffer MultiThreadSumBulkPartialReduce MultiThreadSumMultiplePartialReduce MultiThreadSumMultipleRoundSynchronization MultiThreadSumResult MultiThreadSumThreads SumBarrier SumJoiner TokenCountBarrier TokenCountBoundedBuffer TokenCountBulkPartialReduce TokenCountJoiner TokenCountMultiplePartialReduce TokenCountMultipleRoundSynchronization TokenCountThreads ,A2AccessModifiersMatched A2ExpectedCalls A2ExpectedGetters A2ExpectedSetters A2ExpectedSignatures A2InterfaceAsType A2MnemonicNames A2NamedConstants A2NoCheckstyleWarnings A2PublicMethodsOverride StandAloneTokenCountPartition1Reduce StandAloneTokenCountPartition2Reduce StandAloneTokenCountPartition3Reduce ,
61,Sat Mar 20 10:58:19 CST 2021,26,3,EarlyJoin,A2ConfigurationProvided Barrier BarrierClass EarlyJoin+ JoinerClass LateJoin MultiThreadTokenCountResult PartitionerClass PartitionerFactory PartitionerObject , ,MultiThreadSumBoundedBuffer MultiThreadSumBulkPartialReduce MultiThreadSumMultiplePartialReduce MultiThreadSumMultipleRoundSynchronization MultiThreadSumResult MultiThreadSumThreads SumBarrier SumJoiner TokenCountBarrier TokenCountBoundedBuffer TokenCountBulkPartialReduce TokenCountJoiner TokenCountMultiplePartialReduce TokenCountMultipleRoundSynchronization TokenCountThreads ,A2AccessModifiersMatched A2ExpectedCalls A2ExpectedGetters A2ExpectedSetters A2ExpectedSignatures A2InterfaceAsType A2MnemonicNames A2NamedConstants A2NoCheckstyleWarnings A2PublicMethodsOverride StandAloneTokenCountPartition1Reduce StandAloneTokenCountPartition2Reduce StandAloneTokenCountPartition3Reduce ,
62,Sat Mar 20 10:58:24 CST 2021,26,0,LateJoin,A2ConfigurationProvided Barrier BarrierClass EarlyJoin JoinerClass LateJoin MultiThreadTokenCountResult PartitionerClass PartitionerFactory PartitionerObject , ,MultiThreadSumBoundedBuffer MultiThreadSumBulkPartialReduce MultiThreadSumMultiplePartialReduce MultiThreadSumMultipleRoundSynchronization MultiThreadSumResult MultiThreadSumThreads SumBarrier SumJoiner TokenCountBarrier TokenCountBoundedBuffer TokenCountBulkPartialReduce TokenCountJoiner TokenCountMultiplePartialReduce TokenCountMultipleRoundSynchronization TokenCountThreads ,A2AccessModifiersMatched A2ExpectedCalls A2ExpectedGetters A2ExpectedSetters A2ExpectedSignatures A2InterfaceAsType A2MnemonicNames A2NamedConstants A2NoCheckstyleWarnings A2PublicMethodsOverride StandAloneTokenCountPartition1Reduce StandAloneTokenCountPartition2Reduce StandAloneTokenCountPartition3Reduce ,
63,Sat Mar 20 10:58:31 CST 2021,26,0,JoinerClass,A2ConfigurationProvided Barrier BarrierClass EarlyJoin JoinerClass LateJoin MultiThreadTokenCountResult PartitionerClass PartitionerFactory PartitionerObject , ,MultiThreadSumBoundedBuffer MultiThreadSumBulkPartialReduce MultiThreadSumMultiplePartialReduce MultiThreadSumMultipleRoundSynchronization MultiThreadSumResult MultiThreadSumThreads SumBarrier SumJoiner TokenCountBarrier TokenCountBoundedBuffer TokenCountBulkPartialReduce TokenCountJoiner TokenCountMultiplePartialReduce TokenCountMultipleRoundSynchronization TokenCountThreads ,A2AccessModifiersMatched A2ExpectedCalls A2ExpectedGetters A2ExpectedSetters A2ExpectedSignatures A2InterfaceAsType A2MnemonicNames A2NamedConstants A2NoCheckstyleWarnings A2PublicMethodsOverride StandAloneTokenCountPartition1Reduce StandAloneTokenCountPartition2Reduce StandAloneTokenCountPartition3Reduce ,
64,Sat Mar 20 10:58:32 CST 2021,26,0,Barrier,A2ConfigurationProvided Barrier BarrierClass EarlyJoin JoinerClass LateJoin MultiThreadTokenCountResult PartitionerClass PartitionerFactory PartitionerObject , ,MultiThreadSumBoundedBuffer MultiThreadSumBulkPartialReduce MultiThreadSumMultiplePartialReduce MultiThreadSumMultipleRoundSynchronization MultiThreadSumResult MultiThreadSumThreads SumBarrier SumJoiner TokenCountBarrier TokenCountBoundedBuffer TokenCountBulkPartialReduce TokenCountJoiner TokenCountMultiplePartialReduce TokenCountMultipleRoundSynchronization TokenCountThreads ,A2AccessModifiersMatched A2ExpectedCalls A2ExpectedGetters A2ExpectedSetters A2ExpectedSignatures A2InterfaceAsType A2MnemonicNames A2NamedConstants A2NoCheckstyleWarnings A2PublicMethodsOverride StandAloneTokenCountPartition1Reduce StandAloneTokenCountPartition2Reduce StandAloneTokenCountPartition3Reduce ,
65,Sat Mar 20 10:58:33 CST 2021,26,0,BarrierClass,A2ConfigurationProvided Barrier BarrierClass EarlyJoin JoinerClass LateJoin MultiThreadTokenCountResult PartitionerClass PartitionerFactory PartitionerObject , ,MultiThreadSumBoundedBuffer MultiThreadSumBulkPartialReduce MultiThreadSumMultiplePartialReduce MultiThreadSumMultipleRoundSynchronization MultiThreadSumResult MultiThreadSumThreads SumBarrier SumJoiner TokenCountBarrier TokenCountBoundedBuffer TokenCountBulkPartialReduce TokenCountJoiner TokenCountMultiplePartialReduce TokenCountMultipleRoundSynchronization TokenCountThreads ,A2AccessModifiersMatched A2ExpectedCalls A2ExpectedGetters A2ExpectedSetters A2ExpectedSignatures A2InterfaceAsType A2MnemonicNames A2NamedConstants A2NoCheckstyleWarnings A2PublicMethodsOverride StandAloneTokenCountPartition1Reduce StandAloneTokenCountPartition2Reduce StandAloneTokenCountPartition3Reduce ,
66,Sat Mar 20 10:58:38 CST 2021,26,0,PartitionerClassFactoryAndObject,A2ConfigurationProvided Barrier BarrierClass EarlyJoin JoinerClass LateJoin MultiThreadTokenCountResult PartitionerClass PartitionerFactory PartitionerObject , ,MultiThreadSumBoundedBuffer MultiThreadSumBulkPartialReduce MultiThreadSumMultiplePartialReduce MultiThreadSumMultipleRoundSynchronization MultiThreadSumResult MultiThreadSumThreads SumBarrier SumJoiner TokenCountBarrier TokenCountBoundedBuffer TokenCountBulkPartialReduce TokenCountJoiner TokenCountMultiplePartialReduce TokenCountMultipleRoundSynchronization TokenCountThreads ,A2AccessModifiersMatched A2ExpectedCalls A2ExpectedGetters A2ExpectedSetters A2ExpectedSignatures A2InterfaceAsType A2MnemonicNames A2NamedConstants A2NoCheckstyleWarnings A2PublicMethodsOverride StandAloneTokenCountPartition1Reduce StandAloneTokenCountPartition2Reduce StandAloneTokenCountPartition3Reduce ,
67,Sat Mar 20 10:58:41 CST 2021,26,0,MultiThreadTokenCounts,A2ConfigurationProvided Barrier BarrierClass EarlyJoin JoinerClass LateJoin MultiThreadTokenCountResult PartitionerClass PartitionerFactory PartitionerObject , ,MultiThreadSumBoundedBuffer MultiThreadSumBulkPartialReduce MultiThreadSumMultiplePartialReduce MultiThreadSumMultipleRoundSynchronization MultiThreadSumResult MultiThreadSumThreads SumBarrier SumJoiner TokenCountBarrier TokenCountBoundedBuffer TokenCountBulkPartialReduce TokenCountJoiner TokenCountMultiplePartialReduce TokenCountMultipleRoundSynchronization TokenCountThreads ,A2AccessModifiersMatched A2ExpectedCalls A2ExpectedGetters A2ExpectedSetters A2ExpectedSignatures A2InterfaceAsType A2MnemonicNames A2NamedConstants A2NoCheckstyleWarnings A2PublicMethodsOverride StandAloneTokenCountPartition1Reduce StandAloneTokenCountPartition2Reduce StandAloneTokenCountPartition3Reduce ,
68,Sat Mar 20 10:58:53 CST 2021,26,0,MultiThreadSum,A2ConfigurationProvided Barrier BarrierClass EarlyJoin JoinerClass LateJoin MultiThreadTokenCountResult PartitionerClass PartitionerFactory PartitionerObject , ,MultiThreadSumBoundedBuffer MultiThreadSumBulkPartialReduce MultiThreadSumMultiplePartialReduce MultiThreadSumMultipleRoundSynchronization MultiThreadSumResult MultiThreadSumThreads SumBarrier SumJoiner TokenCountBarrier TokenCountBoundedBuffer TokenCountBulkPartialReduce TokenCountJoiner TokenCountMultiplePartialReduce TokenCountMultipleRoundSynchronization TokenCountThreads ,A2AccessModifiersMatched A2ExpectedCalls A2ExpectedGetters A2ExpectedSetters A2ExpectedSignatures A2InterfaceAsType A2MnemonicNames A2NamedConstants A2NoCheckstyleWarnings A2PublicMethodsOverride StandAloneTokenCountPartition1Reduce StandAloneTokenCountPartition2Reduce StandAloneTokenCountPartition3Reduce ,
69,Sat Mar 20 10:58:54 CST 2021,26,0,PartitionedReduce,A2ConfigurationProvided Barrier BarrierClass EarlyJoin JoinerClass LateJoin MultiThreadTokenCountResult PartitionerClass PartitionerFactory PartitionerObject , ,MultiThreadSumBoundedBuffer MultiThreadSumBulkPartialReduce MultiThreadSumMultiplePartialReduce MultiThreadSumMultipleRoundSynchronization MultiThreadSumResult MultiThreadSumThreads StandAloneTokenCountPartition1Reduce+ StandAloneTokenCountPartition2Reduce+ StandAloneTokenCountPartition3Reduce+ SumBarrier SumJoiner TokenCountBarrier TokenCountBoundedBuffer TokenCountBulkPartialReduce TokenCountJoiner TokenCountMultiplePartialReduce TokenCountMultipleRoundSynchronization TokenCountThreads ,A2AccessModifiersMatched A2ExpectedCalls A2ExpectedGetters A2ExpectedSetters A2ExpectedSignatures A2InterfaceAsType A2MnemonicNames A2NamedConstants A2NoCheckstyleWarnings A2PublicMethodsOverride ,
70,Sat Mar 20 10:58:57 CST 2021,26,0,PartitionedReduce,A2ConfigurationProvided Barrier BarrierClass EarlyJoin JoinerClass LateJoin MultiThreadTokenCountResult PartitionerClass PartitionerFactory PartitionerObject , ,MultiThreadSumBoundedBuffer MultiThreadSumBulkPartialReduce MultiThreadSumMultiplePartialReduce MultiThreadSumMultipleRoundSynchronization MultiThreadSumResult MultiThreadSumThreads StandAloneTokenCountPartition1Reduce StandAloneTokenCountPartition2Reduce StandAloneTokenCountPartition3Reduce SumBarrier SumJoiner TokenCountBarrier TokenCountBoundedBuffer TokenCountBulkPartialReduce TokenCountJoiner TokenCountMultiplePartialReduce TokenCountMultipleRoundSynchronization TokenCountThreads ,A2AccessModifiersMatched A2ExpectedCalls A2ExpectedGetters A2ExpectedSetters A2ExpectedSignatures A2InterfaceAsType A2MnemonicNames A2NamedConstants A2NoCheckstyleWarnings A2PublicMethodsOverride ,
